"","X","accession","monisotopic_molecular_weight","iupac_name","name","chemical_formula","InChIKey","cas_registry_number","smiles","drugbank","chebi_id","pubchem","phenol_explorer_compound_id","food","knapsack","chemspider","kegg","meta_cyc","bigg","metlin_id","pdb_id","logpexp","kingdom","direct_parent","super_class","class","sub_class","molecular_framework"
"1",1,"HMDB0000008",104.047344122,"2-hydroxybutanoic acid","2-Hydroxybutyric acid","C4H8O3","AFENDNXGAFYKQO-UHFFFAOYSA-N","600-15-7","CCC(O)C(O)=O",NA,1148,11266,NA,"FDB021867",NA,10792,"C05984","CPD-3564",47130,3783,NA,NA,"Organic compounds","Alpha hydroxy acids and derivatives","Organic acids and derivatives","Hydroxy acids and derivatives","Alpha hydroxy acids and derivatives","Aliphatic acyclic compounds"
"2",2,"HMDB0000064",131.069476547,"2-(N-methylcarbamimidamido)acetic acid","Creatine","C4H9N3O2","CVSVTCORWBXHQV-UHFFFAOYSA-N","57-00-1","CN(CC(O)=O)C(N)=N","DB00148",16919,586,NA,"FDB005403",NA,566,"C00300","CREATINE",34543,7,"CRN",NA,"Organic compounds","Alpha amino acids and derivatives","Organic acids and derivatives","Carboxylic acids and derivatives","Amino acids, peptides, and analogues","Aliphatic acyclic compounds"
"3",3,"HMDB0000072",174.016437924,"(1Z)-prop-1-ene-1,2,3-tricarboxylic acid","cis-Aconitic acid","C6H6O6","GTZCVFVGUGFEME-IWQZZHSRSA-N","585-84-2","OC(=O)C\C(=C\C(O)=O)C(O)=O",NA,32805,643757,NA,"FDB008306","C00001177",558863,"C00417","CIS-ACONITATE",NA,5130,NA,NA,"Organic compounds","Tricarboxylic acids and derivatives","Organic acids and derivatives","Carboxylic acids and derivatives","Tricarboxylic acids and derivatives","Aliphatic acyclic compounds"
"4",4,"HMDB0000087",45.057849229,"dimethylamine","Dimethylamine","C2H7N","ROSDSFDQCJNGOL-UHFFFAOYSA-N","124-40-3","CNC",NA,17170,674,NA,"FDB012589",NA,654,"C00543","DIMETHYLAMINE",NA,3758,"DMN",-0.38,"Organic compounds","Dialkylamines","Organic nitrogen compounds","Organonitrogen compounds","Amines","Aliphatic acyclic compounds"
"5",5,"HMDB0000094",192.02700261,"2-hydroxypropane-1,2,3-tricarboxylic acid","Citric acid","C6H8O7","KRKNYBCHXYNGOX-UHFFFAOYSA-N","77-92-9","OC(=O)CC(O)(CC(O)=O)C(O)=O","DB04272",30769,311,NA,"FDB012586","C00007619",305,"C00158","CIT",34080,124,"CIT",-1.64,"Organic compounds","Tricarboxylic acids and derivatives","Organic acids and derivatives","Carboxylic acids and derivatives","Tricarboxylic acids and derivatives","Aliphatic acyclic compounds"
"6",6,"HMDB0000097",104.107539075,"(2-hydroxyethyl)trimethylazanium","Choline","C5H14NO","OEYIOHPDSNJKLS-UHFFFAOYSA-N","62-49-7","C[N+](C)(C)CCO","DB00122",15354,305,NA,"FDB000710","C00007298",299,"C00114","CHOLINE",33910,56,"CHT",NA,"Organic compounds","Cholines","Organic nitrogen compounds","Organonitrogen compounds","Quaternary ammonium salts","Aliphatic acyclic compounds"
"7",7,"HMDB0000108",46.041864814,"ethanol","Ethanol","C2H6O","LFQSCWFLJHTTHZ-UHFFFAOYSA-N","64-17-5","CCO","DB00898",16236,702,NA,"FDB000753","C00019560",682,"C00469","ETOH",35062,3203,"EOH",-0.31,"Organic compounds","Primary alcohols","Organic oxygen compounds","Organooxygen compounds","Alcohols and polyols","Aliphatic acyclic compounds"
"8",8,"HMDB0000115",76.016043994,"2-hydroxyacetic acid","Glycolic acid","C2H4O3","AEMRFAOFKBGASW-UHFFFAOYSA-N","79-14-1","OCC(O)=O","DB03085",17497,757,NA,"FDB003298","C00007461",737,"C03547","GLYCOLLATE",34090,3219,"GOA",-1.11,"Organic compounds","Alpha hydroxy acids and derivatives","Organic acids and derivatives","Hydroxy acids and derivatives","Alpha hydroxy acids and derivatives","Aliphatic acyclic compounds"
"9",9,"HMDB0000122",180.063388116,"(3R,4S,5S,6R)-6-(hydroxymethyl)oxane-2,3,4,5-tetrol","D-Glucose","C6H12O6","WQZGKKKJIJFFOK-GASJEMHNSA-N","50-99-7","OC[C@H]1OC(O)[C@H](O)[C@@H](O)[C@@H]1O","DB09341",4167,5793,NA,"FDB012530","C00001122",5589,"C00031","D-Glucose",33582,133,"1A47",-3.24,"Organic compounds","Hexoses","Organic oxygen compounds","Organooxygen compounds","Carbohydrates and carbohydrate conjugates","Aliphatic heteromonocyclic compounds"
"10",10,"HMDB0000123",75.032028409,"2-aminoacetic acid","Glycine","C2H5NO2","DHMQDGOQFOQNFH-UHFFFAOYSA-N","56-40-6","NCC(O)=O","DB00145",15428,750,NA,"FDB000484","C00001361",730,"C00037","GLY",33610,20,"GLY",-3.21,"Organic compounds","Alpha amino acids","Organic acids and derivatives","Carboxylic acids and derivatives","Amino acids, peptides, and analogues","Aliphatic acyclic compounds"
"11",11,"HMDB0000131",92.047344122,"propane-1,2,3-triol","Glycerol","C3H8O3","PEDCQBHIVMGVHV-UHFFFAOYSA-N","56-81-5","OCC(O)CO","DB04077",17754,753,NA,"FDB000756","C00001163",733,"C00116","GLYCEROL",33915,105,"GOL",-1.76,"Organic compounds","Sugar alcohols","Organic oxygen compounds","Organooxygen compounds","Carbohydrates and carbohydrate conjugates","Aliphatic acyclic compounds"
"12",12,"HMDB0000134",116.010958616,"(2E)-but-2-enedioic acid","Fumaric acid","C4H4O4","VZCYOOQTPOCHFL-OWOJBTEDSA-N","110-17-8","OC(=O)\C=C\C(O)=O",NA,18012,444972,NA,"FDB003291","C00001183",10197150,"C00122","FUM",33938,3242,"FUM",0.46,"Organic compounds","Dicarboxylic acids and derivatives","Organic acids and derivatives","Carboxylic acids and derivatives","Dicarboxylic acids and derivatives","Aliphatic acyclic compounds"
"13",13,"HMDB0000139",106.02660868,"(2R)-2,3-dihydroxypropanoic acid","Glyceric acid","C3H6O4","RBNPOMFGQQGHHO-UWTATZPHSA-N","473-81-4","OC[C@@H](O)C(O)=O",NA,32398,439194,NA,"FDB012242","C00001185",388334,"C00258","GLYCERATE",34424,280,"DGY",NA,"Organic compounds","Sugar acids and derivatives","Organic oxygen compounds","Organooxygen compounds","Carbohydrates and carbohydrate conjugates","Aliphatic acyclic compounds"
"14",14,"HMDB0000142",46.005479308,"formic acid","Formic acid","CH2O2","BDAGIHXWWSANSR-UHFFFAOYSA-N","64-18-6","OC=O","DB01942",30751,284,NA,"FDB012804","C00001182",278,"C00058","FORMATE",33693,3202,"FMT",-0.54,"Organic compounds","Carboxylic acids","Organic acids and derivatives","Carboxylic acids and derivatives","Carboxylic acids","Aliphatic acyclic compounds"
"15",15,"HMDB0000148",147.053157781,"(2S)-2-aminopentanedioic acid","L-Glutamic acid","C5H9NO4","WHUUTDBJXJRKMK-VKHMYHEASA-N","56-86-0","N[C@@H](CCC(O)=O)C(O)=O","DB00142",16015,33032,NA,"FDB012535","C00001358",30572,"C00025","GLT",33561,5174,"GGL",-3.69,"Organic compounds","Glutamic acid and derivatives","Organic acids and derivatives","Carboxylic acids and derivatives","Amino acids, peptides, and analogues","Aliphatic acyclic compounds"
"16",16,"HMDB0000158",181.073893223,"(2S)-2-amino-3-(4-hydroxyphenyl)propanoic acid","L-Tyrosine","C9H11NO3","OUYCCCASQSFEME-QMMMGPOBSA-N","60-18-4","N[C@@H](CC1=CC=C(O)C=C1)C(O)=O","DB00135",17895,6057,NA,"FDB000446","C00001397",5833,"C00082","TYR",33785,34,"TYR",-2.26,"Organic compounds","Tyrosine and derivatives","Organic acids and derivatives","Carboxylic acids and derivatives","Amino acids, peptides, and analogues","Aromatic homomonocyclic compounds"
"17",17,"HMDB0000159",165.078978601,"(2S)-2-amino-3-phenylpropanoic acid","L-Phenylalanine","C9H11NO2","COLNVLDHVKWLRT-QMMMGPOBSA-N","63-91-2","N[C@@H](CC1=CC=CC=C1)C(O)=O","DB00120",17295,6140,NA,"FDB014705","C00001386",5910,"C00079","PHE",33775,28,"PHE",-1.38,"Organic compounds","Phenylalanine and derivatives","Organic acids and derivatives","Carboxylic acids and derivatives","Amino acids, peptides, and analogues","Aromatic homomonocyclic compounds"
"18",18,"HMDB0000161",89.047678473,"(2S)-2-aminopropanoic acid","L-Alanine","C3H7NO2","QNAYBMKLOCPYGJ-REOHCLBHSA-N","56-41-7","C[C@H](N)C(O)=O","DB00160",16977,5950,NA,"FDB000556","C00001332",5735,"C00041","ALPHA-ALANINE",33629,NA,"ALA",-2.85,"Organic compounds","Alanine and derivatives","Organic acids and derivatives","Carboxylic acids and derivatives","Amino acids, peptides, and analogues","Aliphatic acyclic compounds"
"19",19,"HMDB0000162",115.063328537,"(2S)-pyrrolidine-2-carboxylic acid","L-Proline","C5H9NO2","ONIBWKKTOPOVIA-BYPYZUCNSA-N","147-85-3","OC(=O)[C@@H]1CCCN1","DB00172",17203,145742,NA,"FDB000570","C00001388",128566,"C00148","PRO",34042,29,"PRO",-2.54,"Organic compounds","Proline and derivatives","Organic acids and derivatives","Carboxylic acids and derivatives","Amino acids, peptides, and analogues","Aliphatic heteromonocyclic compounds"
"20",20,"HMDB0000163",342.116211546,"(2R,3S,4S,5R,6R)-2-(hydroxymethyl)-6-{[(2R,3S,4R,5S,6S)-4,5,6-trihydroxy-2-(hydroxymethyl)oxan-3-yl]oxy}oxane-3,4,5-triol","D-Maltose","C12H22O11","GUBGYTABKSRVRQ-DKBJLJRDSA-N","69-79-4","OC[C@H]1O[C@H](O[C@H]2[C@H](O)[C@H](O)[C@@H](O)O[C@@H]2CO)[C@H](O)[C@@H](O)[C@@H]1O",NA,47937,10991489,NA,"FDB001193","C00001140",9166684,"C00208","MALTOSE",34261,413,"1A7L",NA,"Organic compounds","O-glycosyl compounds","Organic oxygen compounds","Organooxygen compounds","Carbohydrates and carbohydrate conjugates","Aliphatic heteromonocyclic compounds"
"21",21,"HMDB0000164",31.042199165,"methanamine","Methylamine","CH5N","BAVYZALUXZFZLV-UHFFFAOYSA-N","74-89-5","CN","DB01828",16830,6329,NA,"FDB003958",NA,6089,"C00218","METHYLAMINE",1800349,3767,"NME",-0.57,"Organic compounds","Monoalkylamines","Organic nitrogen compounds","Organonitrogen compounds","Amines","Aliphatic acyclic compounds"
"22",22,"HMDB0000167",119.058243159,"(2S,3R)-2-amino-3-hydroxybutanoic acid","L-Threonine","C4H9NO3","AYFVYJQAPQTCCC-GBXIJSLDSA-N","72-19-5","C[C@@H](O)[C@H](N)C(O)=O","DB00156",16857,6288,NA,"FDB011999","C00001394",6051,"C00188","THR",34186,32,"THR",-2.94,"Organic compounds","L-alpha-amino acids","Organic acids and derivatives","Carboxylic acids and derivatives","Amino acids, peptides, and analogues","Aliphatic acyclic compounds"
"23",23,"HMDB0000168",132.053492132,"(2S)-2-amino-3-carbamoylpropanoic acid","L-Asparagine","C4H8N2O3","DCXYFEDJOCDNAF-REOHCLBHSA-N","70-47-3","N[C@@H](CC(N)=O)C(O)=O","DB00174",17196,6267,NA,"FDB000787","C00001341",6031,"C00152","ASN",34055,14,"ASN",-3.82,"Organic compounds","Asparagine and derivatives","Organic acids and derivatives","Carboxylic acids and derivatives","Amino acids, peptides, and analogues","Aliphatic acyclic compounds"
"24",24,"HMDB0000172",131.094628665,"(2S,3S)-2-amino-3-methylpentanoic acid","L-Isoleucine","C6H13NO2","AGPKZVBTJJNPAG-WHFBIAKZSA-N","73-32-5","CC[C@H](C)[C@H](N)C(O)=O","DB00167",17191,6306,NA,"FDB012397","C00001374",6067,"C00407","ILE",34887,5193,"ILE",-1.7,"Organic compounds","Isoleucine and derivatives","Organic acids and derivatives","Carboxylic acids and derivatives","Amino acids, peptides, and analogues","Aliphatic acyclic compounds"
"25",25,"HMDB0000177",155.069476547,"(2S)-2-amino-3-(1H-imidazol-5-yl)propanoic acid","L-Histidine","C6H9N3O2","HNDVDQJCIGZPNO-YFKPBYRVSA-N","71-00-1","N[C@@H](CC1=CN=CN1)C(O)=O","DB00117",15971,6274,NA,"FDB011856","C00001363",6038,"C00135","HIS",33985,21,"1KAH",-3.32,"Organic compounds","Histidine and derivatives","Organic acids and derivatives","Carboxylic acids and derivatives","Amino acids, peptides, and analogues","Aromatic heteromonocyclic compounds"
"26",26,"HMDB0000182",146.105527702,"(2S)-2,6-diaminohexanoic acid","L-Lysine","C6H14N2O2","KDXKERNSBIXSRK-YFKPBYRVSA-N","56-87-1","NCCCC[C@H](N)C(O)=O","DB00123",18019,5962,NA,"FDB000474","C00001378",5747,"C00047","LYS",33655,5200,"1BBU",-3.05,"Organic compounds","L-alpha-amino acids","Organic acids and derivatives","Carboxylic acids and derivatives","Amino acids, peptides, and analogues","Aliphatic acyclic compounds"
"27",27,"HMDB0000187",105.042593095,"(2S)-2-amino-3-hydroxypropanoic acid","L-Serine","C3H7NO3","MTCFGRXMJLQNBG-REOHCLBHSA-N","56-45-1","N[C@@H](CO)C(O)=O","DB00133",17115,5951,NA,"FDB012739","C00001393",5736,"C00065","SER",33717,5203,"SER",-3.07,"Organic compounds","Serine and derivatives","Organic acids and derivatives","Carboxylic acids and derivatives","Amino acids, peptides, and analogues","Aliphatic acyclic compounds"
"28",28,"HMDB0000190",90.031694058,"(2R)-2-hydroxypropanoic acid","L-Lactic acid","C3H6O3","JVTAAEKCZFNVCJ-REOHCLBHSA-N","79-33-4","C[C@H](O)C(O)=O","DB03066",42111,61503,NA,"FDB003293","C00019549",55423,"C00256","D-LACTATE",34414,6150,"LAC",NA,"Organic compounds","Alpha hydroxy acids and derivatives","Organic acids and derivatives","Hydroxy acids and derivatives","Alpha hydroxy acids and derivatives","Aliphatic acyclic compounds"
"29",29,"HMDB0000191",133.037507717,"(2S)-2-aminobutanedioic acid","L-Aspartic acid","C4H7NO4","CKLJMWTZIZZHCS-REOHCLBHSA-N","56-84-8","N[C@@H](CC(O)=O)C(O)=O","DB00128",17053,5960,NA,"FDB012567","C00001342",5745,"C00049","L-ASPARTATE",33663,5206,"ASP",-3.89,"Organic compounds","Aspartic acid and derivatives","Organic acids and derivatives","Carboxylic acids and derivatives","Amino acids, peptides, and analogues","Aliphatic acyclic compounds"
"30",30,"HMDB0000211",180.063388116,"(1R,2R,3r,4S,5S,6s)-cyclohexane-1,2,3,4,5,6-hexol","myo-Inositol","C6H12O6","CDAISMWEOUEBRE-GPIVLXJGSA-N","87-89-8","O[C@H]1[C@H](O)[C@@H](O)[C@H](O)[C@H](O)[C@@H]1O",NA,17268,NA,NA,"FDB010547","C00001164",10239179,"C00137","MYO-INOSITOL",33990,5221,"INS",NA,"Organic compounds","Cyclohexanols","Organic oxygen compounds","Organooxygen compounds","Alcohols and polyols","Aliphatic homomonocyclic compounds"
"31",31,"HMDB0000214",132.089877638,"(2S)-2,5-diaminopentanoic acid","Ornithine","C5H12N2O2","AHLPHDHHMVZTML-BYPYZUCNSA-N","3184-13-2","NCCC[C@H](N)C(O)=O","DB00129",15729,6262,NA,"FDB003654","C00001384",6026,"C00077","ORNITHINE",37976,27,"ORN",-4.22,"Organic compounds","L-alpha-amino acids","Organic acids and derivatives","Carboxylic acids and derivatives","Amino acids, peptides, and analogues","Aliphatic acyclic compounds"
"32",32,"HMDB0000220",256.240230268,"hexadecanoic acid","Palmitic acid","C16H32O2","IPCSVZSSVZVIGE-UHFFFAOYSA-N","57-10-3","CCCCCCCCCCCCCCCC(O)=O","DB03796",15756,985,NA,"FDB011679","C00030479",960,"C00249","PALMITATE",34386,187,"PLM",7.17,"Organic compounds","Long-chain fatty acids","Lipids and lipid-like molecules","Fatty Acyls","Fatty acids and conjugates","Aliphatic acyclic compounds"
"33",33,"HMDB0000228",94.041864814,"phenol","Phenol","C6H6O","ISWSIDIOOBJBQZ-UHFFFAOYSA-N","108-95-2","OC1=CC=CC=C1","DB03255",15882,996,NA,"FDB000893","C00002664",971,"C15584","24-DICHLOROPHENOL",NA,128,"IPH",1.46,"Organic compounds","1-hydroxy-4-unsubstituted benzenoids","Benzenoids","Phenols","1-hydroxy-4-unsubstituted benzenoids","Aromatic homomonocyclic compounds"
"34",34,"HMDB0000243",88.016043994,"2-oxopropanoic acid","Pyruvic acid","C3H4O3","LCTONWCANYUPML-UHFFFAOYSA-N","127-17-3","CC(=O)C(O)=O","DB00119",32816,1060,NA,"FDB008293","C00001200",1031,"C00022","PYRUVATE",33546,117,"PYR",NA,"Organic compounds","Alpha-keto acids and derivatives","Organic acids and derivatives","Keto acids and derivatives","Alpha-keto acids and derivatives","Aliphatic acyclic compounds"
"35",35,"HMDB0000254",118.02660868,"butanedioic acid","Succinic acid","C4H6O4","KDYFGRWQOYBRFD-UHFFFAOYSA-N","110-15-6","OC(=O)CCC(O)=O","DB00139",15741,1110,NA,"FDB001931","C00001205",1078,"C00042","SUC",33633,114,"SIN",-0.59,"Organic compounds","Dicarboxylic acids and derivatives","Organic acids and derivatives","Carboxylic acids and derivatives","Dicarboxylic acids and derivatives","Aliphatic acyclic compounds"
"36",36,"HMDB0000256",410.3912516,"(6Z,10E,14E,18E)-2,6,10,15,19,23-hexamethyltetracosa-2,6,10,14,18,22-hexaene","Squalene","C30H50","YYGNTYWPHWGJRM-FLHYQJCXSA-N","111-02-4","CC(C)=CCC\C(C)=C/CC\C(C)=C\CC\C=C(/C)CC\C=C(/C)CCC=C(C)C",NA,15440,11975273,NA,"FDB015781","C00003755",10148626,"C00751","SQUALENE",35878,197,NA,NA,"Organic compounds","Triterpenoids","Lipids and lipid-like molecules","Prenol lipids","Triterpenoids","Aliphatic acyclic compounds"
"37",37,"HMDB0000258",342.116211546,"(2R,3R,4S,5S,6R)-2-{[(2S,3S,4S,5R)-3,4-dihydroxy-2,5-bis(hydroxymethyl)oxolan-2-yl]oxy}-6-(hydroxymethyl)oxane-3,4,5-triol","Sucrose","C12H22O11","CZMRCDWAGMRECN-UGDNZRGBSA-N","57-50-1","OC[C@H]1O[C@@](CO)(O[C@H]2O[C@H](CO)[C@@H](O)[C@H](O)[C@H]2O)[C@@H](O)[C@@H]1O",NA,17992,5988,NA,"FDB001131","C00001151",5768,"C00089","SUCROSE",33807,137,"SUC",-3.7,"Organic compounds","O-glycosyl compounds","Organic oxygen compounds","Organooxygen compounds","Carbohydrates and carbohydrate conjugates","Aliphatic heteromonocyclic compounds"
"38",38,"HMDB0000292",152.033425392,"2,3,6,7-tetrahydro-1H-purine-2,6-dione","Xanthine","C5H4N4O2","LRFVTYWOQMYALW-UHFFFAOYSA-N","69-89-6","O=C1NC2=C(NC=N2)C(=O)N1","DB02134",17712,1188,NA,"FDB001977","C00019660",1151,"C00385","XANTHINE",34825,82,"XAN",-0.73,"Organic compounds","Xanthines","Organoheterocyclic compounds","Imidazopyrimidines","Purines and purine derivatives","Aromatic heteropolycyclic compounds"
"39",39,"HMDB0000294",60.03236276,"urea","Urea","CH4N2O","XSQUKJJJFZCRTK-UHFFFAOYSA-N","57-13-6","NC(N)=O","DB03904",16199,1176,NA,"FDB012174","C00007314",1143,"C00086","UREA",33799,6,"URE",-2.11,"Organic compounds","Ureas","Organic acids and derivatives","Organic carbonic acids and derivatives","Ureas","Aliphatic acyclic compounds"
"40",40,"HMDB0000301",138.042927446,"(2E)-3-(1H-imidazol-4-yl)prop-2-enoic acid","Urocanic acid","C6H6N2O2","LOIYMIARKYCTBW-OWOJBTEDSA-N","104-98-3","OC(=O)\C=C\C1=CNC=N1","DB01971",30817,736715,NA,"FDB000921",NA,643824,"C00785","UROCANATE",35990,298,"URO",NA,"Organic compounds","Imidazolyl carboxylic acids and derivatives","Organoheterocyclic compounds","Azoles","Imidazoles","Aromatic heteromonocyclic compounds"
"41",41,"HMDB0000323",114.079312952,"3-aminopiperidin-2-one","3-Amino-2-piperidone","C5H10N2O","YCCMTCQQDULIFE-UHFFFAOYSA-N","1892-22-4","NC1CCCNC1=O",NA,76341,5200225,NA,"FDB021949",NA,4371576,NA,NA,NA,5312,NA,NA,"Organic compounds","Alpha amino acid amides","Organic acids and derivatives","Carboxylic acids and derivatives","Amino acids, peptides, and analogues","Aliphatic heteromonocyclic compounds"
"42",42,"HMDB0000482",144.115029756,"octanoic acid","Caprylic acid","C8H16O2","WWZKQHOCKIZLMA-UHFFFAOYSA-N","124-07-2","CCCCCCCC(O)=O","DB04519",28837,379,NA,"FDB003336","C00001231",370,"C06423","CPD-195",48223,5469,"OCA",3.05,"Organic compounds","Medium-chain fatty acids","Lipids and lipid-like molecules","Fatty Acyls","Fatty acids and conjugates","Aliphatic acyclic compounds"
"43",43,"HMDB0000492",34.968852707,"chloride","Chloride ion","Cl","VEXZGXHMUGYJMC-UHFFFAOYSA-M","16887-00-6","[Cl-]",NA,17996,24526,NA,"FDB006557",NA,4514529,"C00698","CL-",50130,NA,"CL",NA,"Inorganic compounds","Homogeneous halogens","Homogeneous non-metal compounds","Homogeneous halogens",NA,NA
"44",44,"HMDB0000500",138.031694053,"4-hydroxybenzoic acid","4-Hydroxybenzoic acid","C7H6O3","FJKROLUGYXJWQN-UHFFFAOYSA-N","99-96-7","OC(=O)C1=CC=C(O)C=C1","DB04242",30763,135,NA,"FDB010508","C00000856",132,"C00156",NA,34069,5486,"PHB",1.58,"Organic compounds","Hydroxybenzoic acid derivatives","Benzenoids","Benzene and substituted derivatives","Benzoic acids and derivatives","Aromatic homomonocyclic compounds"
"45",45,"HMDB0000511",172.146329884,"decanoic acid","Capric acid","C10H20O2","GHVNFZFCNZKVNT-UHFFFAOYSA-N","334-48-5","CCCCCCCCCC(O)=O","DB03600",30813,2969,NA,"FDB012027","C00001213",2863,"C01571","CPD-3617",NA,336,"DKA",4.09,"Organic compounds","Medium-chain fatty acids","Lipids and lipid-like molecules","Fatty Acyls","Fatty acids and conjugates","Aliphatic acyclic compounds"
"46",46,"HMDB0000517",174.111675712,"(2S)-2-amino-5-carbamimidamidopentanoic acid","L-Arginine","C6H14N4O2","ODKSFYDXXFIFQN-BYPYZUCNSA-N","74-79-3","N[C@@H](CCCNC(N)=N)C(O)=O","DB00125",16467,6322,NA,"FDB002257","C00001340",6082,"C00062","ARG",33707,5502,"1FOL",-4.2,"Organic compounds","L-alpha-amino acids","Organic acids and derivatives","Carboxylic acids and derivatives","Amino acids, peptides, and analogues","Aliphatic acyclic compounds"
"47",47,"HMDB0000535",116.083729628,"hexanoic acid","Caproic acid","C6H12O2","FUZZWVXGSFPDMH-UHFFFAOYSA-N","142-62-1","CCCCCC(O)=O",NA,30776,8892,NA,"FDB013897","C00001218",8552,"C01585","HEXANOATE",NA,5520,"6NA",1.92,"Organic compounds","Medium-chain fatty acids","Lipids and lipid-like molecules","Fatty Acyls","Fatty acids and conjugates","Aliphatic acyclic compounds"
"48",48,"HMDB0000562",113.058911861,"2-imino-1-methylimidazolidin-4-one","Creatinine","C4H7N3O","DDRJAANPRJIHGJ-UHFFFAOYSA-N","60-27-5","CN1CC(=O)NC1=N",NA,16737,588,NA,"FDB021814",NA,568,"C00791","CREATININE",36009,8,NA,-1.76,"Organic compounds","Alpha amino acids and derivatives","Organic acids and derivatives","Carboxylic acids and derivatives","Amino acids, peptides, and analogues","Aliphatic heteromonocyclic compounds"
"49",49,"HMDB0000574",121.019749163,"(2R)-2-amino-3-sulfanylpropanoic acid","L-Cysteine","C3H7NO2S","XUJNEKJLAYXESH-REOHCLBHSA-N","52-90-4","N[C@@H](CS)C(O)=O","DB00151",17561,5862,NA,"FDB012678","C00001351",5653,"C00097","CYS",33843,5556,"CYS",-2.49,"Organic compounds","Cysteine and derivatives","Organic acids and derivatives","Carboxylic acids and derivatives","Amino acids, peptides, and analogues","Aliphatic acyclic compounds"
"50",50,"HMDB0000638",200.177630012,"dodecanoic acid","Dodecanoic acid","C12H24O2","POULHZVOKOAJMA-UHFFFAOYSA-N","143-07-7","CCCCCCCCCCCC(O)=O","DB03017",30805,3893,NA,"FDB003010","C00001221",3756,"C02679","DODECANOATE",40351,5611,"DAO",4.6,"Organic compounds","Medium-chain fatty acids","Lipids and lipid-like molecules","Fatty Acyls","Fatty acids and conjugates","Aliphatic acyclic compounds"
"51",51,"HMDB0000641",146.069142196,"(2S)-2-amino-4-carbamoylbutanoic acid","L-Glutamine","C5H10N2O3","ZDXPYRJPNDTMRX-VKHMYHEASA-N","56-85-9","N[C@@H](CCC(N)=O)C(O)=O","DB00130",18050,5961,NA,"FDB012164","C00001359",5746,"C00064","GLN",33714,5614,"GLN",-3.64,"Organic compounds","L-alpha-amino acids","Organic acids and derivatives","Carboxylic acids and derivatives","Amino acids, peptides, and analogues","Aliphatic acyclic compounds"
"52",52,"HMDB0000687",131.094628665,"(2S)-2-amino-4-methylpentanoic acid","L-Leucine","C6H13NO2","ROHFNLRQFUQHCH-YFKPBYRVSA-N","61-90-5","CC(C)C[C@H](N)C(O)=O","DB00149",15603,6106,NA,"FDB001946","C00001377",5880,"C00123","LEU",33942,24,"LEU",-1.52,"Organic compounds","Leucine and derivatives","Organic acids and derivatives","Carboxylic acids and derivatives","Amino acids, peptides, and analogues","Aliphatic acyclic compounds"
"53",53,"HMDB0000696",149.051049291,"(2S)-2-amino-4-(methylsulfanyl)butanoic acid","L-Methionine","C5H11NO2S","FFEARJCKVFRZRR-BYPYZUCNSA-N","63-68-3","CSCC[C@H](N)C(O)=O","DB00134",16643,6137,NA,"FDB012683","C00001379",5907,"C00073","MET",33753,5664,"MET",-1.87,"Organic compounds","Methionine and derivatives","Organic acids and derivatives","Carboxylic acids and derivatives","Amino acids, peptides, and analogues","Aliphatic acyclic compounds"
"54",54,"HMDB0000744",134.021523302,"2-hydroxybutanedioic acid","Malic acid","C4H6O5","BJEPYKJPYRNKOW-UHFFFAOYSA-N","6915-15-7","OC(CC(O)=O)C(O)=O",NA,6650,525,NA,"FDB008114",NA,510,"C03668","RS-Malate",NA,118,NA,-1.26,"Organic compounds","Beta hydroxy acids and derivatives","Organic acids and derivatives","Hydroxy acids and derivatives","Beta hydroxy acids and derivatives","Aliphatic acyclic compounds"
"55",55,"HMDB0000784",188.104859,"nonanedioic acid","Azelaic acid","C9H16O4","BDJRBEYXGGNYIS-UHFFFAOYSA-N","123-99-9","OC(=O)CCCCCCCC(O)=O","DB00548",48131,2266,NA,"FDB012192","C00045634",2179,"C08261","CPD0-1265",NA,5750,"AZ1",1.57,"Organic compounds","Medium-chain fatty acids","Lipids and lipid-like molecules","Fatty Acyls","Fatty acids and conjugates","Aliphatic acyclic compounds"
"56",56,"HMDB0000805",129.042593095,"5-oxopyrrolidine-2-carboxylic acid","Pyrrolidonecarboxylic acid","C5H7NO3","ODHCTXKNWHHXJC-UHFFFAOYSA-N","4042-36-8","OC(=O)C1CCC(=O)N1","DB11245",16010,499,NA,"FDB022254",NA,485,"C02237",NA,NA,5769,NA,NA,"Organic compounds","Proline and derivatives","Organic acids and derivatives","Carboxylic acids and derivatives","Amino acids, peptides, and analogues","Aliphatic heteromonocyclic compounds"
"57",57,"HMDB0000826",242.224580204,"pentadecanoic acid","Pentadecanoic acid","C15H30O2","WQEPLUUGTLDZJY-UHFFFAOYSA-N","1002-84-2","CCCCCCCCCCCCCCC(O)=O",NA,42504,13849,NA,"FDB010033","C00007423",13249,"C16537",NA,215864,5789,"F15",NA,"Organic compounds","Long-chain fatty acids","Lipids and lipid-like molecules","Fatty Acyls","Fatty acids and conjugates","Aliphatic acyclic compounds"
"58",58,"HMDB0000827",284.271530396,"octadecanoic acid","Stearic acid","C18H36O2","QIQXTHQIDYTFRH-UHFFFAOYSA-N","57-11-4","CCCCCCCCCCCCCCCCCC(O)=O","DB03193",28842,5281,NA,"FDB002941","C00001238",5091,"C01530","STEARIC_ACID",37799,189,"STE",8.23,"Organic compounds","Long-chain fatty acids","Lipids and lipid-like molecules","Fatty Acyls","Fatty acids and conjugates","Aliphatic acyclic compounds"
"59",59,"HMDB0000847",158.13067982,"nonanoic acid","Pelargonic acid","C9H18O2","FBUKVWPVBMHYJY-UHFFFAOYSA-N","112-05-0","CCCCCCCCC(O)=O",NA,29019,8158,NA,"FDB003306","C00030829",7866,"C01601","CPD-8505",NA,5810,"KNA",3.42,"Organic compounds","Medium-chain fatty acids","Lipids and lipid-like molecules","Fatty Acyls","Fatty acids and conjugates","Aliphatic acyclic compounds"
"60",60,"HMDB0000883",117.078978601,"(2S)-2-amino-3-methylbutanoic acid","L-Valine","C5H11NO2","KZSNJWFQEVHDMF-BYPYZUCNSA-N","72-18-4","CC(C)[C@H](N)C(O)=O","DB00161",16414,6287,NA,"FDB000465","C00001398",6050,"C00183","VAL",34167,5842,"VAL",-2.26,"Organic compounds","Valine and derivatives","Organic acids and derivatives","Carboxylic acids and derivatives","Amino acids, peptides, and analogues","Aliphatic acyclic compounds"
"61",61,"HMDB0000904",175.095691297,"(2S)-2-amino-5-(carbamoylamino)pentanoic acid","Citrulline","C6H13N3O3","RHGKLRLOHDJJDR-BYPYZUCNSA-N","372-75-8","N[C@@H](CCCNC(N)=O)C(O)=O","DB00155",16349,9750,NA,"FDB011841","C00001348",9367,"C00327","L-CITRULLINE",34627,16,"CIR",-3.19,"Organic compounds","L-alpha-amino acids","Organic acids and derivatives","Carboxylic acids and derivatives","Amino acids, peptides, and analogues","Aliphatic acyclic compounds"
"62",62,"HMDB0000929",204.089877638,"(2S)-2-amino-3-(1H-indol-3-yl)propanoic acid","L-Tryptophan","C11H12N2O2","QIVBCDIJIAJPQS-VIFPVBQESA-N","73-22-3","N[C@@H](CC1=CNC2=C1C=CC=C2)C(O)=O","DB00150",16828,6305,NA,"FDB002250","C00001396",6066,"C00078","TRP",33772,5879,"TRP",-1.06,"Organic compounds","Indolyl carboxylic acids and derivatives","Organoheterocyclic compounds","Indoles and derivatives","Indolyl carboxylic acids and derivatives","Aromatic heteropolycyclic compounds"
"63",63,"HMDB0000943",136.037173366,"(2S,3R)-2,3,4-trihydroxybutanoic acid","Threonic acid","C4H8O5","JPIJQSOTBSSVTP-GBXIJSLDSA-N","3909-12-4","OC[C@@H](O)[C@H](O)C(O)=O",NA,49059,151152,NA,"FDB022331",NA,133224,"C01620",NA,38497,5891,NA,NA,"Organic compounds","Sugar acids and derivatives","Organic oxygen compounds","Organooxygen compounds","Carbohydrates and carbohydrate conjugates","Aliphatic acyclic compounds"
"64",64,"HMDB0000990",44.02621475,"acetaldehyde","Acetaldehyde","C2H4O","IKHGUXGNUITLKF-UHFFFAOYSA-N","75-07-0","CC=O",NA,15343,177,NA,"FDB008297","C00007392",172,"C00084","ACETALD",33792,3200,"ACE",-0.34,"Organic compounds","Short-chain aldehydes","Organic oxygen compounds","Organooxygen compounds","Carbonyl compounds","Aliphatic acyclic compounds"
"65",65,"HMDB0001147",119.021857653,"2-aminopropanedioic acid","Aminomalonic acid","C3H5NO4","JINBYESILADKFW-UHFFFAOYSA-N","1068-84-4","NC(C(O)=O)C(O)=O","DB02289",17475,100714,NA,"FDB022451",NA,90998,"C00872","AMINOMALONATE",NA,NA,"FGL",NA,"Organic compounds","Alpha amino acids","Organic acids and derivatives","Carboxylic acids and derivatives","Amino acids, peptides, and analogues","Aliphatic acyclic compounds"
"66",66,"HMDB0001266",180.063388116,"(3S,4S,5R)-1,3,4,5,6-pentahydroxyhexan-2-one","L-Sorbose","C6H12O6","LKDRXBCSQODPBY-BGPJRJDNSA-N","87-79-6","OC[C@@]1(O)OC[C@H](O)[C@@H](O)[C@@H]1O","DB04936",47693,92092,NA,"FDB001109",NA,83142,"C00795","TAGATOSE",36022,NA,"TAG",NA,"Organic compounds","Monosaccharides","Organic oxygen compounds","Organooxygen compounds","Carbohydrates and carbohydrate conjugates","Aliphatic acyclic compounds"
"67",67,"HMDB0001429",97.976895096,"phosphoric acid","Phosphate","H3O4P","NBIIXXVUZAFLBC-UHFFFAOYSA-N","14265-44-2","OP(O)(O)=O",NA,26078,1004,NA,"FDB013380","C00007408",979,"C00009",NA,NA,NA,NA,NA,"Inorganic compounds","Non-metal phosphates","Homogeneous non-metal compounds","Non-metal oxoanionic compounds","Non-metal phosphates",NA
"68",68,"HMDB0001448",97.967379242,"sulfuric acid","Sulfate","H2O4S","QAOWNCQODCNURD-UHFFFAOYSA-N","14808-79-8","OS(O)(=O)=O",NA,26836,1118,NA,"FDB013392",NA,1086,"C00059",NA,NA,NA,NA,NA,"Inorganic compounds","Non-metal sulfates","Homogeneous non-metal compounds","Non-metal oxoanionic compounds","Non-metal sulfates","Acyclic compounds"
"69",69,"HMDB0001870",122.036779433,"benzoic acid","Benzoic acid","C7H6O2","WPYMKLBDIGXBTP-UHFFFAOYSA-N","65-85-0","OC(=O)C1=CC=CC=C1","DB03793",30746,243,NA,"FDB008739","C00000207",238,"C00539","BENZOATE",34156,1297,"BEZ",1.87,"Organic compounds","Benzoic acids","Benzenoids","Benzene and substituted derivatives","Benzoic acids and derivatives","Aromatic homomonocyclic compounds"
"70",70,"HMDB0001881",76.0524295,"propane-1,2-diol","Propylene glycol","C3H8O2","DNIAPMSPPWPWGF-UHFFFAOYSA-N","57-55-6","CC(O)CO","DB01839",16997,1030,NA,"FDB008274","C00007410",13835224,"C00583","PROPANE-1,2-DIOL",NA,3220,NA,-0.92,"Organic compounds","1,2-diols","Organic oxygen compounds","Organooxygen compounds","Alcohols and polyols","Aliphatic acyclic compounds"
"71",71,"HMDB0001999",302.224580204,"(5Z,8Z,11Z,14Z,17Z)-icosa-5,8,11,14,17-pentaenoic acid","Eicosapentaenoic acid","C20H30O2","JAZBEHYOTPTENJ-JLNKQSITSA-N","10417-94-4","CC\C=C/C\C=C/C\C=C/C\C=C/C\C=C/CCCC(O)=O","DB00159",28364,446284,NA,"FDB003102","C00001215",393682,"C06428","EICOSAPENTAENOATE",2218016,6423,"EPA",NA,"Organic compounds","Long-chain fatty acids","Lipids and lipid-like molecules","Fatty Acyls","Fatty acids and conjugates","Aliphatic acyclic compounds"
"72",72,"HMDB0002092",130.02660868,"2-methylidenebutanedioic acid","Itaconic acid","C5H6O4","LVHBHZANLOWSRM-UHFFFAOYSA-N","97-65-4","OC(=O)CC(=C)C(O)=O",NA,30838,811,NA,"FDB012645","C00033964",789,"C00490","ITACONATE",35130,6483,NA,NA,"Organic compounds","Branched fatty acids","Lipids and lipid-like molecules","Fatty Acyls","Fatty acids and conjugates","Aliphatic acyclic compounds"
"73",73,"HMDB0002111",18.010564686,"water","Water","H2O","XLYOFNOQVPJJNP-UHFFFAOYSA-N","7732-18-5","O","DB09145",15377,962,NA,"FDB013390",NA,937,"C00001","WATER",33474,3194,"HOH",-1.38,"Inorganic compounds","Homogeneous other non-metal compounds","Homogeneous non-metal compounds","Homogeneous other non-metal compounds",NA,NA
"74",74,"HMDB0002329",89.995308552,"oxalic acid","Oxalic acid","C2H2O4","MUBZPKHOEPUJKR-UHFFFAOYSA-N","144-62-7","OC(=O)C(O)=O","DB03902",16995,971,NA,"FDB003357","C00001198",946,"C00209","OXALATE",34265,113,"OXD",NA,"Organic compounds","Dicarboxylic acids and derivatives","Organic acids and derivatives","Carboxylic acids and derivatives","Dicarboxylic acids and derivatives","Aliphatic acyclic compounds"
"75",75,"HMDB0002712",164.068473494,"(2R,3S,4R,5S)-2-(hydroxymethyl)oxane-3,4,5-triol","1,5-Anhydrosorbitol","C6H12O5","MPCAJMNYNOGXPB-SLPGGIOYSA-N","154-58-5","OC[C@H]1OC[C@H](O)[C@@H](O)[C@@H]1O",NA,16070,64960,NA,"FDB023050",NA,58485,"C07326","15-ANHYDRO-D-GLUCITOL",NA,3775,"ASO",NA,"Organic compounds","Monosaccharides","Organic oxygen compounds","Organooxygen compounds","Carbohydrates and carbohydrate conjugates","Aliphatic heteromonocyclic compounds"
"76",76,"HMDB0011131",358.308309832,"(2S)-2,3-dihydroxypropyl octadecanoate","MG(18:0/0:0/0:0)","C21H42O4","VBICKXHEKHSIBG-FQEVSTJZSA-N","22610-61-3","[H][C@](O)(CO)COC(=O)CCCCCCCCCCCCCCCCC",NA,75550,15560610,NA,"FDB027910",NA,10381543,NA,NA,NA,NA,NA,NA,"Organic compounds","1-monoacylglycerols","Lipids and lipid-like molecules","Glycerolipids","Monoradylglycerols","Aliphatic acyclic compounds"
"77",77,"HMDB0011564",330.277009704,"(2S)-2,3-dihydroxypropyl hexadecanoate","MG(16:0/0:0/0:0)","C19H38O4","QHZLMUACJMDIAE-SFHVURJKSA-N","32899-41-5","[H][C@](O)(CO)COC(=O)CCCCCCCCCCCCCCC",NA,75542,3084463,NA,NA,NA,NA,NA,"CPD-8508",NA,NA,NA,NA,"Organic compounds","1-monoacylglycerols","Lipids and lipid-like molecules","Glycerolipids","Monoradylglycerols","Aliphatic acyclic compounds"
"78",78,"HMDB0011733",132.053492132,"2-(2-aminoacetamido)acetic acid","Glycyl-glycine","C4H8N2O3","YMAWOPBAYDPSLA-UHFFFAOYSA-N","556-50-3","NCC(=O)NCC(O)=O",NA,17201,11163,NA,"FDB028413",NA,10690,"C02037","GLYCYLGLYCINE",NA,NA,NA,-2.92,"Organic compounds","Dipeptides","Organic acids and derivatives","Carboxylic acids and derivatives","Amino acids, peptides, and analogues","Aliphatic acyclic compounds"
"79",79,"HMDB0013248",278.151809192,"2-{[(2-ethylhexyl)oxy]carbonyl}benzoic acid","Monoethylhexyl phthalic acid","C16H22O4","DJDSLBVSSOQSLW-UHFFFAOYSA-N","4376-20-9","CCCCC(CC)COC(=O)C1=CC=CC=C1C(O)=O",NA,17243,20393,NA,"FDB029358",NA,19208,"C03343",NA,NA,NA,NA,NA,"Organic compounds","Benzoic acid esters","Benzenoids","Benzene and substituted derivatives","Benzoic acids and derivatives","Aromatic homomonocyclic compounds"
"80",80,"HMDB0015217",208.121177766,"(3S,4R)-3-ethyl-4-[(1-methyl-1H-imidazol-5-yl)methyl]oxolan-2-one","Pilocarpine","C11H16N2O2","QCHFTSOMWOSFHM-WPRPVWTQSA-N","54-71-7","CC[C@H]1[C@@H](CC2=CN=CN2C)COC1=O","DB01085",8207,5910,NA,NA,"C00002355",5699,"C07474",NA,NA,NA,"9PL",1.1,"Organic compounds","Alkaloids and derivatives","Alkaloids and derivatives",NA,NA,"Aromatic heteromonocyclic compounds"
"81",81,"HMDB0028843",212.09094027,"2-(2-aminoacetamido)-3-(1H-imidazol-5-yl)propanoic acid","Glycyl-Histidine","C8H12N4O3","YIWFXZNIBQBFHR-UHFFFAOYSA-N",NA,"NCC(=O)NC(CC1=CN=CN1)C(O)=O",NA,NA,417360,NA,NA,NA,NA,NA,NA,NA,NA,NA,-4.49,"Organic compounds","Dipeptides","Organic acids and derivatives","Carboxylic acids and derivatives","Amino acids, peptides, and analogues","Aromatic heteromonocyclic compounds"
"82",82,"HMDB0028850",162.064056818,"2-(2-aminoacetamido)-3-hydroxypropanoic acid","Glycyl-Serine","C5H10N2O4","BCCRXDTUTZHDEU-UHFFFAOYSA-N",NA,"NCC(=O)NC(CO)C(O)=O",NA,NA,102466,NA,NA,NA,NA,NA,NA,NA,NA,NA,-5,"Organic compounds","Dipeptides","Organic acids and derivatives","Carboxylic acids and derivatives","Amino acids, peptides, and analogues","Aliphatic acyclic compounds"
"83",83,"HMDB0029018",228.11100701,"4-hydroxy-1-(pyrrolidine-2-carbonyl)pyrrolidine-2-carboxylic acid","Prolyl-Hydroxyproline","C10H16N2O4","ONPXCLZMBSJLSP-UHFFFAOYSA-N",NA,"OC1CC(N(C1)C(=O)C1CCCN1)C(O)=O",NA,NA,3952518,NA,NA,NA,NA,NA,NA,NA,NA,NA,-3.98,"Organic compounds","Dipeptides","Organic acids and derivatives","Carboxylic acids and derivatives","Amino acids, peptides, and analogues","Aliphatic heteromonocyclic compounds"
"84",84,"HMDB0031230",144.115029756,"2-ethylhexanoic acid","2-Ethylhexanoic acid","C8H16O2","OBETXYAYXDNJHR-UHFFFAOYSA-N",NA,"CCCCC(CC)C(O)=O",NA,744024,8697,NA,"FDB003254","C00007414",8373,NA,NA,NA,NA,NA,2.64,"Organic compounds","Medium-chain fatty acids","Lipids and lipid-like molecules","Fatty Acyls","Fatty acids and conjugates","Aliphatic acyclic compounds"
"85",85,"HMDB0032538",149.105193351,"2-[bis(2-hydroxyethyl)amino]ethan-1-ol","Triethanolamine","C6H15NO3","GSEJCLTVZPLZKY-UHFFFAOYSA-N","102-71-6","OCCN(CCO)CCO",NA,28621,7618,NA,"FDB010410",NA,13835630,"C06771",NA,NA,NA,"211",-1,"Organic compounds","1,2-aminoalcohols","Organonitrogen compounds","Amines","Alkanolamines","Aliphatic acyclic compounds"
"86",86,"HMDB0032572",152.047344122,"methyl 4-hydroxybenzoate","Methylparaben","C8H8O3","LXCFILQKKLGQFO-UHFFFAOYSA-N","99-76-3","COC(=O)C1=CC=C(O)C=C1",NA,31835,7456,NA,"FDB010509","C00030771",7176,NA,NA,NA,NA,"MPB",1.96,"Organic compounds","Benzoic acid esters","Benzenoids","Benzene and substituted derivatives","Benzoic acids and derivatives","Aromatic homomonocyclic compounds"
"87",87,"HMDB0032574",180.07864425,"propyl 4-hydroxybenzoate","Propylparaben","C10H12O3","QELSKZZBTMNZEB-UHFFFAOYSA-N","94-13-3","CCCOC(=O)C1=CC=C(O)C=C1",NA,32063,7175,NA,"FDB010511",NA,6907,NA,NA,NA,NA,NA,3.04,"Organic compounds","p-Hydroxybenzoic acid alkyl esters","Benzenoids","Benzene and substituted derivatives","Benzoic acids and derivatives","Aromatic homomonocyclic compounds"
"88",88,"HMDB0033584",206.07903818,"1,4-diethyl 2,3-dihydroxybutanedioate","Diethyl tartrate","C8H14O6","YSAVZVORKRDODB-UHFFFAOYSA-N","87-91-2","CCOC(=O)C(O)C(O)C(=O)OCC",NA,NA,62333,NA,"FDB011660",NA,13871489,NA,NA,NA,NA,NA,-0.29,"Organic compounds","Beta hydroxy acids and derivatives","Organic acids and derivatives","Hydroxy acids and derivatives","Beta hydroxy acids and derivatives","Aliphatic acyclic compounds"
"89",89,"HMDB0033704",180.063388116,"(2S,3R,4S,5R,6R)-6-(hydroxymethyl)oxane-2,3,4,5-tetrol","L-Galactose","C6H12O6","WQZGKKKJIJFFOK-SVZMEOIVSA-N","15572-79-9","OC[C@H]1OC(O)[C@H](O)[C@@H](O)[C@H]1O",NA,28061,439357,NA,"FDB012703","C00001119",388480,"C00984","GALACTOSE",33945,134,"GLA",NA,"Organic compounds","Hexoses","Organic oxygen compounds","Organooxygen compounds","Carbohydrates and carbohydrate conjugates","Aliphatic heteromonocyclic compounds"
"90",90,"HMDB0041827",18.034374133,"azanium","Ammonium","H4N","QGZKDVFQNNGYKY-UHFFFAOYSA-O","14798-03-9","[NH4+]",NA,28938,16741146,NA,NA,NA,218,"C01342","AMMONIUM",NA,NA,"NH4",NA,"Inorganic compounds","Homogeneous other non-metal compounds","Homogeneous non-metal compounds","Homogeneous other non-metal compounds",NA,"Acyclic compounds"
"91",91,"HMDB0062186",133.037507709,"2-aminobutanedioic acid","1-deoxy-1-(N6-lysino)-D-fructose","C4H7NO4","CKLJMWTZIZZHCS-UHFFFAOYSA-N","617-45-8","NC(CC(O)=O)C(O)=O",NA,22660,424,NA,NA,NA,NA,"C16433",NA,NA,NA,NA,-3.52,"Organic compounds","Aspartic acid and derivatives","Organic acids and derivatives","Carboxylic acids and derivatives","Amino acids, peptides, and analogues","Aliphatic acyclic compounds"
